-- The following extra statements are run to create a few datapoints in the cds_cdm schema
-- mostly extracted from synpuf_cdm and added visit_detail rows
-- available as a standalone image at quay.io/chgl/omop:latest-synpuf1k-cdm5.3.1-with-visit-details
INSERT INTO cds_cdm.location (location_id, address_1, address_2, city, state, zip, county,
                              location_source_value)
VALUES (1, NULL, NULL, NULL, 'WI', NULL, '52020', '52-020');
INSERT INTO cds_cdm.location (location_id, address_1, address_2, city, state, zip, county,
                              location_source_value)
VALUES (2, NULL, NULL, NULL, 'CA', NULL, '05510', '05-510');
INSERT INTO cds_cdm.location (location_id, address_1, address_2, city, state, zip, county,
                              location_source_value)
VALUES (3, NULL, NULL, NULL, 'MI', NULL, '23800', '23-800');
INSERT INTO cds_cdm.location (location_id, address_1, address_2, city, state, zip, county,
                              location_source_value)
VALUES (4, NULL, NULL, NULL, 'IL', NULL, '14500', '14-500');
INSERT INTO cds_cdm.location (location_id, address_1, address_2, city, state, zip, county,
                              location_source_value)
VALUES (5, NULL, NULL, NULL, 'OH', NULL, '36490', '36-490');
INSERT INTO cds_cdm.location (location_id, address_1, address_2, city, state, zip, county,
                              location_source_value)
VALUES (6, NULL, NULL, NULL, 'WA', NULL, '50310', '50-310');
INSERT INTO cds_cdm.location (location_id, address_1, address_2, city, state, zip, county,
                              location_source_value)
VALUES (7, NULL, NULL, NULL, 'NC', NULL, '34440', '34-440');
INSERT INTO cds_cdm.location (location_id, address_1, address_2, city, state, zip, county,
                              location_source_value)
VALUES (8, NULL, NULL, NULL, 'OK', NULL, '37710', '37-710');
INSERT INTO cds_cdm.location (location_id, address_1, address_2, city, state, zip, county,
                              location_source_value)
VALUES (9, NULL, NULL, NULL, 'SD', NULL, '43490', '43-490');
INSERT INTO cds_cdm.location (location_id, address_1, address_2, city, state, zip, county,
                              location_source_value)
VALUES (10, NULL, NULL, NULL, 'NC', NULL, '34090', '34-090');

INSERT INTO cds_cdm.person (person_id, gender_concept_id, year_of_birth, month_of_birth,
                            day_of_birth, birth_datetime,
                            race_concept_id, ethnicity_concept_id, location_id, provider_id,
                            care_site_id,
                            person_source_value, gender_source_value, gender_source_concept_id,
                            race_source_value,
                            race_source_concept_id, ethnicity_source_value,
                            ethnicity_source_concept_id)
VALUES (1, 8507, 1923, 5, 1, NULL, 8527, 38003564, 1, NULL, NULL, '00013D2EFD8E45D1', '1', NULL,
        '1', NULL, '1', NULL);
INSERT INTO cds_cdm.person (person_id, gender_concept_id, year_of_birth, month_of_birth,
                            day_of_birth, birth_datetime,
                            race_concept_id, ethnicity_concept_id, location_id, provider_id,
                            care_site_id,
                            person_source_value, gender_source_value, gender_source_concept_id,
                            race_source_value,
                            race_source_concept_id, ethnicity_source_value,
                            ethnicity_source_concept_id)
VALUES (2, 8507, 1943, 1, 1, NULL, 8527, 38003564, 2, NULL, NULL, '00016F745862898F', '1', NULL,
        '1', NULL, '1', NULL);
INSERT INTO cds_cdm.person (person_id, gender_concept_id, year_of_birth, month_of_birth,
                            day_of_birth, birth_datetime,
                            race_concept_id, ethnicity_concept_id, location_id, provider_id,
                            care_site_id,
                            person_source_value, gender_source_value, gender_source_concept_id,
                            race_source_value,
                            race_source_concept_id, ethnicity_source_value,
                            ethnicity_source_concept_id)
VALUES (3, 8532, 1936, 9, 1, NULL, 8527, 38003564, 3, NULL, NULL, '0001FDD721E223DC', '2', NULL,
        '1', NULL, '1', NULL);
INSERT INTO cds_cdm.person (person_id, gender_concept_id, year_of_birth, month_of_birth,
                            day_of_birth, birth_datetime,
                            race_concept_id, ethnicity_concept_id, location_id, provider_id,
                            care_site_id,
                            person_source_value, gender_source_value, gender_source_concept_id,
                            race_source_value,
                            race_source_concept_id, ethnicity_source_value,
                            ethnicity_source_concept_id)
VALUES (4, 8507, 1941, 6, 1, NULL, 0, 38003563, 4, NULL, NULL, '00021CA6FF03E670', '1', NULL, '5',
        NULL, '5', NULL);
INSERT INTO cds_cdm.person (person_id, gender_concept_id, year_of_birth, month_of_birth,
                            day_of_birth, birth_datetime,
                            race_concept_id, ethnicity_concept_id, location_id, provider_id,
                            care_site_id,
                            person_source_value, gender_source_value, gender_source_concept_id,
                            race_source_value,
                            race_source_concept_id, ethnicity_source_value,
                            ethnicity_source_concept_id)
VALUES (5, 8507, 1936, 8, 1, NULL, 8527, 38003564, 5, NULL, NULL, '00024B3D2352D2D0', '1', NULL,
        '1', NULL, '1', NULL);
INSERT INTO cds_cdm.person (person_id, gender_concept_id, year_of_birth, month_of_birth,
                            day_of_birth, birth_datetime,
                            race_concept_id, ethnicity_concept_id, location_id, provider_id,
                            care_site_id,
                            person_source_value, gender_source_value, gender_source_concept_id,
                            race_source_value,
                            race_source_concept_id, ethnicity_source_value,
                            ethnicity_source_concept_id)
VALUES (6, 8507, 1943, 10, 1, NULL, 8516, 38003564, 6, NULL, NULL, '0002DAE1C81CC70D', '1', NULL,
        '2', NULL, '2', NULL);
INSERT INTO cds_cdm.person (person_id, gender_concept_id, year_of_birth, month_of_birth,
                            day_of_birth, birth_datetime,
                            race_concept_id, ethnicity_concept_id, location_id, provider_id,
                            care_site_id,
                            person_source_value, gender_source_value, gender_source_concept_id,
                            race_source_value,
                            race_source_concept_id, ethnicity_source_value,
                            ethnicity_source_concept_id)
VALUES (7, 8507, 1922, 7, 1, NULL, 8527, 38003564, 7, NULL, NULL, '0002F28CE057345B', '1', NULL,
        '1', NULL, '1', NULL);
INSERT INTO cds_cdm.person (person_id, gender_concept_id, year_of_birth, month_of_birth,
                            day_of_birth, birth_datetime,
                            race_concept_id, ethnicity_concept_id, location_id, provider_id,
                            care_site_id,
                            person_source_value, gender_source_value, gender_source_concept_id,
                            race_source_value,
                            race_source_concept_id, ethnicity_source_value,
                            ethnicity_source_concept_id)
VALUES (8, 8507, 1935, 9, 1, NULL, 8527, 38003564, 8, NULL, NULL, '000308435E3E5B76', '1', NULL,
        '1', NULL, '1', NULL);
INSERT INTO cds_cdm.person (person_id, gender_concept_id, year_of_birth, month_of_birth,
                            day_of_birth, birth_datetime,
                            race_concept_id, ethnicity_concept_id, location_id, provider_id,
                            care_site_id,
                            person_source_value, gender_source_value, gender_source_concept_id,
                            race_source_value,
                            race_source_concept_id, ethnicity_source_value,
                            ethnicity_source_concept_id)
VALUES (9, 8532, 1976, 9, 1, NULL, 8527, 38003564, 9, NULL, NULL, '000345A39D4157C9', '2', NULL,
        '1', NULL, '1', NULL);
INSERT INTO cds_cdm.person (person_id, gender_concept_id, year_of_birth, month_of_birth,
                            day_of_birth, birth_datetime,
                            race_concept_id, ethnicity_concept_id, location_id, provider_id,
                            care_site_id,
                            person_source_value, gender_source_value, gender_source_concept_id,
                            race_source_value,
                            race_source_concept_id, ethnicity_source_value,
                            ethnicity_source_concept_id)
VALUES (10, 8532, 1938, 10, 1, NULL, 8516, 38003564, 10, NULL, NULL, '00036A21B65B0206', '2', NULL,
        '2', NULL, '2',
        NULL);

INSERT INTO cds_cdm.observation_period (observation_period_id, person_id,
                                        observation_period_start_date,
                                        observation_period_end_date, period_type_concept_id)
VALUES (1, 1, '2000-01-01', '2022-01-01', 32817);
INSERT INTO cds_cdm.observation_period (observation_period_id, person_id,
                                        observation_period_start_date,
                                        observation_period_end_date, period_type_concept_id)
VALUES (2, 2, '2000-01-01', '2022-01-01', 32817);
INSERT INTO cds_cdm.observation_period (observation_period_id, person_id,
                                        observation_period_start_date,
                                        observation_period_end_date, period_type_concept_id)
VALUES (3, 3, '2000-01-01', '2022-01-01', 32817);
INSERT INTO cds_cdm.observation_period (observation_period_id, person_id,
                                        observation_period_start_date,
                                        observation_period_end_date, period_type_concept_id)
VALUES (4, 4, '2000-01-01', '2022-01-01', 32817);
INSERT INTO cds_cdm.observation_period (observation_period_id, person_id,
                                        observation_period_start_date,
                                        observation_period_end_date, period_type_concept_id)
VALUES (5, 5, '2000-01-01', '2022-01-01', 32817);
INSERT INTO cds_cdm.observation_period (observation_period_id, person_id,
                                        observation_period_start_date,
                                        observation_period_end_date, period_type_concept_id)
VALUES (6, 6, '2000-01-01', '2022-01-01', 32817);
INSERT INTO cds_cdm.observation_period (observation_period_id, person_id,
                                        observation_period_start_date,
                                        observation_period_end_date, period_type_concept_id)
VALUES (7, 7, '2000-01-01', '2022-01-01', 32817);
INSERT INTO cds_cdm.observation_period (observation_period_id, person_id,
                                        observation_period_start_date,
                                        observation_period_end_date, period_type_concept_id)
VALUES (8, 8, '2000-01-01', '2022-01-01', 32817);
INSERT INTO cds_cdm.observation_period (observation_period_id, person_id,
                                        observation_period_start_date,
                                        observation_period_end_date, period_type_concept_id)
VALUES (9, 9, '2000-01-01', '2022-01-01', 32817);
INSERT INTO cds_cdm.observation_period (observation_period_id, person_id,
                                        observation_period_start_date,
                                        observation_period_end_date, period_type_concept_id)
VALUES (10, 10, '2000-01-01', '2022-01-01', 32817);

INSERT INTO cds_cdm.visit_occurrence (visit_occurrence_id, person_id, visit_concept_id,
                                      visit_start_date,
                                      visit_start_datetime, visit_end_date, visit_end_datetime,
                                      visit_type_concept_id,
                                      provider_id, care_site_id, visit_source_value,
                                      visit_source_concept_id,
                                      admitting_source_concept_id, admitting_source_value,
                                      discharge_to_concept_id,
                                      discharge_to_source_value)
VALUES (6, 1, 0, '2009-07-25', NULL, '2009-07-25', NULL, 44818517, NULL, 6, '887733386680966', NULL,
        0, NULL, 0, NULL);
INSERT INTO cds_cdm.visit_occurrence (visit_occurrence_id, person_id, visit_concept_id,
                                      visit_start_date,
                                      visit_start_datetime, visit_end_date, visit_end_datetime,
                                      visit_type_concept_id,
                                      provider_id, care_site_id, visit_source_value,
                                      visit_source_concept_id,
                                      admitting_source_concept_id, admitting_source_value,
                                      discharge_to_concept_id,
                                      discharge_to_source_value)
VALUES (2, 1, 9202, '2008-09-04', NULL, '2008-09-04', NULL, 44818517, NULL, 2, '542192281063886',
        NULL, 0, NULL, 0,
        NULL);
INSERT INTO cds_cdm.visit_occurrence (visit_occurrence_id, person_id, visit_concept_id,
                                      visit_start_date,
                                      visit_start_datetime, visit_end_date, visit_end_datetime,
                                      visit_type_concept_id,
                                      provider_id, care_site_id, visit_source_value,
                                      visit_source_concept_id,
                                      admitting_source_concept_id, admitting_source_value,
                                      discharge_to_concept_id,
                                      discharge_to_source_value)
VALUES (5, 1, 0, '2010-11-05', NULL, '2010-11-05', NULL, 44818517, NULL, 5, '887463387476539', NULL,
        0, NULL, 0, NULL);
INSERT INTO cds_cdm.visit_occurrence (visit_occurrence_id, person_id, visit_concept_id,
                                      visit_start_date,
                                      visit_start_datetime, visit_end_date, visit_end_datetime,
                                      visit_type_concept_id,
                                      provider_id, care_site_id, visit_source_value,
                                      visit_source_concept_id,
                                      admitting_source_concept_id, admitting_source_value,
                                      discharge_to_concept_id,
                                      discharge_to_source_value)
VALUES (4, 1, 0, '2010-04-01', NULL, '2010-04-01', NULL, 44818517, NULL, 4, '887243388666441', NULL,
        0, NULL, 0, NULL);
INSERT INTO cds_cdm.visit_occurrence (visit_occurrence_id, person_id, visit_concept_id,
                                      visit_start_date,
                                      visit_start_datetime, visit_end_date, visit_end_datetime,
                                      visit_type_concept_id,
                                      provider_id, care_site_id, visit_source_value,
                                      visit_source_concept_id,
                                      admitting_source_concept_id, admitting_source_value,
                                      discharge_to_concept_id,
                                      discharge_to_source_value)
VALUES (3, 1, 0, '2009-10-14', NULL, '2009-10-14', NULL, 44818517, NULL, 3, '887213386947664', NULL,
        0, NULL, 0, NULL);
INSERT INTO cds_cdm.visit_occurrence (visit_occurrence_id, person_id, visit_concept_id,
                                      visit_start_date,
                                      visit_start_datetime, visit_end_date, visit_end_datetime,
                                      visit_type_concept_id,
                                      provider_id, care_site_id, visit_source_value,
                                      visit_source_concept_id,
                                      admitting_source_concept_id, admitting_source_value,
                                      discharge_to_concept_id,
                                      discharge_to_source_value)
VALUES (1, 1, 9201, '2010-03-12', NULL, '2010-03-13', NULL, 44818517, NULL, 1, '196661176988405',
        NULL, 0, NULL, 0,
        NULL);
INSERT INTO cds_cdm.visit_occurrence (visit_occurrence_id, person_id, visit_concept_id,
                                      visit_start_date,
                                      visit_start_datetime, visit_end_date, visit_end_datetime,
                                      visit_type_concept_id,
                                      provider_id, care_site_id, visit_source_value,
                                      visit_source_concept_id,
                                      admitting_source_concept_id, admitting_source_value,
                                      discharge_to_concept_id,
                                      discharge_to_source_value)
VALUES (7, 1, 0, '2010-08-17', NULL, '2010-08-17', NULL, 44818517, NULL, 7, '887893388307089', NULL,
        0, NULL, 0, NULL);
INSERT INTO cds_cdm.visit_occurrence (visit_occurrence_id, person_id, visit_concept_id,
                                      visit_start_date,
                                      visit_start_datetime, visit_end_date, visit_end_datetime,
                                      visit_type_concept_id,
                                      provider_id, care_site_id, visit_source_value,
                                      visit_source_concept_id,
                                      admitting_source_concept_id, admitting_source_value,
                                      discharge_to_concept_id,
                                      discharge_to_source_value)
VALUES (38, 2, 0, '2009-03-24', NULL, '2009-03-24', NULL, 44818517, NULL, 29, '887693385935201',
        NULL, 0, NULL, 0,
        NULL);
INSERT INTO cds_cdm.visit_occurrence (visit_occurrence_id, person_id, visit_concept_id,
                                      visit_start_date,
                                      visit_start_datetime, visit_end_date, visit_end_datetime,
                                      visit_type_concept_id,
                                      provider_id, care_site_id, visit_source_value,
                                      visit_source_concept_id,
                                      admitting_source_concept_id, admitting_source_value,
                                      discharge_to_concept_id,
                                      discharge_to_source_value)
VALUES (39, 2, 0, '2009-07-31', NULL, '2009-07-31', NULL, 44818517, NULL, 33, '887713388064954',
        NULL, 0, NULL, 0,
        NULL);
INSERT INTO cds_cdm.visit_occurrence (visit_occurrence_id, person_id, visit_concept_id,
                                      visit_start_date,
                                      visit_start_datetime, visit_end_date, visit_end_datetime,
                                      visit_type_concept_id,
                                      provider_id, care_site_id, visit_source_value,
                                      visit_source_concept_id,
                                      admitting_source_concept_id, admitting_source_value,
                                      discharge_to_concept_id,
                                      discharge_to_source_value)
VALUES (40, 2, 0, '2009-04-15', NULL, '2009-04-15', NULL, 44818517, NULL, 34, '887743388182774',
        NULL, 0, NULL, 0,
        NULL);
INSERT INTO cds_cdm.visit_occurrence (visit_occurrence_id, person_id, visit_concept_id,
                                      visit_start_date,
                                      visit_start_datetime, visit_end_date, visit_end_datetime,
                                      visit_type_concept_id,
                                      provider_id, care_site_id, visit_source_value,
                                      visit_source_concept_id,
                                      admitting_source_concept_id, admitting_source_value,
                                      discharge_to_concept_id,
                                      discharge_to_source_value)
VALUES (11, 2, 9201, '2009-08-31', NULL, '2009-09-02', NULL, 44818517, NULL, 10, '196661177015632',
        NULL, 0, NULL, 0,
        NULL);
INSERT INTO cds_cdm.visit_occurrence (visit_occurrence_id, person_id, visit_concept_id,
                                      visit_start_date,
                                      visit_start_datetime, visit_end_date, visit_end_datetime,
                                      visit_type_concept_id,
                                      provider_id, care_site_id, visit_source_value,
                                      visit_source_concept_id,
                                      admitting_source_concept_id, admitting_source_value,
                                      discharge_to_concept_id,
                                      discharge_to_source_value)
VALUES (26, 2, 0, '2009-03-30', NULL, '2009-03-30', NULL, 44818517, NULL, 23, '887433386151111',
        NULL, 0, NULL, 0,
        NULL);
INSERT INTO cds_cdm.visit_occurrence (visit_occurrence_id, person_id, visit_concept_id,
                                      visit_start_date,
                                      visit_start_datetime, visit_end_date, visit_end_datetime,
                                      visit_type_concept_id,
                                      provider_id, care_site_id, visit_source_value,
                                      visit_source_concept_id,
                                      admitting_source_concept_id, admitting_source_value,
                                      discharge_to_concept_id,
                                      discharge_to_source_value)
VALUES (22, 2, 0, '2010-03-21', NULL, '2010-03-21', NULL, 44818517, NULL, 21, '887353386843897',
        NULL, 0, NULL, 0,
        NULL);
INSERT INTO cds_cdm.visit_occurrence (visit_occurrence_id, person_id, visit_concept_id,
                                      visit_start_date,
                                      visit_start_datetime, visit_end_date, visit_end_datetime,
                                      visit_type_concept_id,
                                      provider_id, care_site_id, visit_source_value,
                                      visit_source_concept_id,
                                      admitting_source_concept_id, admitting_source_value,
                                      discharge_to_concept_id,
                                      discharge_to_source_value)
VALUES (10, 2, 9201, '2010-06-26', NULL, '2010-07-01', NULL, 44818517, NULL, 9, '196261176983265',
        NULL, 0, NULL, 0,
        NULL);
INSERT INTO cds_cdm.visit_occurrence (visit_occurrence_id, person_id, visit_concept_id,
                                      visit_start_date,
                                      visit_start_datetime, visit_end_date, visit_end_datetime,
                                      visit_type_concept_id,
                                      provider_id, care_site_id, visit_source_value,
                                      visit_source_concept_id,
                                      admitting_source_concept_id, admitting_source_value,
                                      discharge_to_concept_id,
                                      discharge_to_source_value)
VALUES (9, 2, 9201, '2009-04-12', NULL, '2009-04-18', NULL, 44818517, NULL, 9, '196201177000368',
        NULL, 0, NULL, 0,
        NULL);
INSERT INTO cds_cdm.visit_occurrence (visit_occurrence_id, person_id, visit_concept_id,
                                      visit_start_date,
                                      visit_start_datetime, visit_end_date, visit_end_datetime,
                                      visit_type_concept_id,
                                      provider_id, care_site_id, visit_source_value,
                                      visit_source_concept_id,
                                      admitting_source_concept_id, admitting_source_value,
                                      discharge_to_concept_id,
                                      discharge_to_source_value)
VALUES (8, 2, 9201, '2009-09-17', NULL, '2009-09-20', NULL, 44818517, NULL, 8, '196091176981058',
        NULL, 0, NULL, 0,
        NULL);
INSERT INTO cds_cdm.visit_occurrence (visit_occurrence_id, person_id, visit_concept_id,
                                      visit_start_date,
                                      visit_start_datetime, visit_end_date, visit_end_datetime,
                                      visit_type_concept_id,
                                      provider_id, care_site_id, visit_source_value,
                                      visit_source_concept_id,
                                      admitting_source_concept_id, admitting_source_value,
                                      discharge_to_concept_id,
                                      discharge_to_source_value)
VALUES (28, 2, 0, '2009-07-03', NULL, '2009-07-03', NULL, 44818517, NULL, 25, '887443385121084',
        NULL, 0, NULL, 0,
        NULL);
INSERT INTO cds_cdm.visit_occurrence (visit_occurrence_id, person_id, visit_concept_id,
                                      visit_start_date,
                                      visit_start_datetime, visit_end_date, visit_end_datetime,
                                      visit_type_concept_id,
                                      provider_id, care_site_id, visit_source_value,
                                      visit_source_concept_id,
                                      admitting_source_concept_id, admitting_source_value,
                                      discharge_to_concept_id,
                                      discharge_to_source_value)
VALUES (24, 2, 0, '2010-02-19', NULL, '2010-02-19', NULL, 44818517, NULL, 20, '887393386608161',
        NULL, 0, NULL, 0,
        NULL);
INSERT INTO cds_cdm.visit_occurrence (visit_occurrence_id, person_id, visit_concept_id,
                                      visit_start_date,
                                      visit_start_datetime, visit_end_date, visit_end_datetime,
                                      visit_type_concept_id,
                                      provider_id, care_site_id, visit_source_value,
                                      visit_source_concept_id,
                                      admitting_source_concept_id, admitting_source_value,
                                      discharge_to_concept_id,
                                      discharge_to_source_value)
VALUES (29, 2, 0, '2009-07-16', NULL, '2009-07-16', NULL, 44818517, NULL, 17, '887453384924494',
        NULL, 0, NULL, 0,
        NULL);
INSERT INTO cds_cdm.visit_occurrence (visit_occurrence_id, person_id, visit_concept_id,
                                      visit_start_date,
                                      visit_start_datetime, visit_end_date, visit_end_datetime,
                                      visit_type_concept_id,
                                      provider_id, care_site_id, visit_source_value,
                                      visit_source_concept_id,
                                      admitting_source_concept_id, admitting_source_value,
                                      discharge_to_concept_id,
                                      discharge_to_source_value)
VALUES (21, 2, 0, '2009-01-17', NULL, '2009-01-17', NULL, 44818517, NULL, 20, '887293389131196',
        NULL, 0, NULL, 0,
        NULL);
INSERT INTO cds_cdm.visit_occurrence (visit_occurrence_id, person_id, visit_concept_id,
                                      visit_start_date,
                                      visit_start_datetime, visit_end_date, visit_end_datetime,
                                      visit_type_concept_id,
                                      provider_id, care_site_id, visit_source_value,
                                      visit_source_concept_id,
                                      admitting_source_concept_id, admitting_source_value,
                                      discharge_to_concept_id,
                                      discharge_to_source_value)
VALUES (13, 2, 9202, '2009-06-23', NULL, '2009-06-23', NULL, 44818517, NULL, 12, '542282281644416',
        NULL, 0, NULL, 0,
        NULL);
INSERT INTO cds_cdm.visit_occurrence (visit_occurrence_id, person_id, visit_concept_id,
                                      visit_start_date,
                                      visit_start_datetime, visit_end_date, visit_end_datetime,
                                      visit_type_concept_id,
                                      provider_id, care_site_id, visit_source_value,
                                      visit_source_concept_id,
                                      admitting_source_concept_id, admitting_source_value,
                                      discharge_to_concept_id,
                                      discharge_to_source_value)
VALUES (30, 2, 0, '2010-06-18', NULL, '2010-06-27', NULL, 44818517, NULL, 26, '887513388218955',
        NULL, 0, NULL, 0,
        NULL);
INSERT INTO cds_cdm.visit_occurrence (visit_occurrence_id, person_id, visit_concept_id,
                                      visit_start_date,
                                      visit_start_datetime, visit_end_date, visit_end_datetime,
                                      visit_type_concept_id,
                                      provider_id, care_site_id, visit_source_value,
                                      visit_source_concept_id,
                                      admitting_source_concept_id, admitting_source_value,
                                      discharge_to_concept_id,
                                      discharge_to_source_value)
VALUES (19, 2, 0, '2009-08-11', NULL, '2009-08-11', NULL, 44818517, NULL, 18, '887243387711309',
        NULL, 0, NULL, 0,
        NULL);
INSERT INTO cds_cdm.visit_occurrence (visit_occurrence_id, person_id, visit_concept_id,
                                      visit_start_date,
                                      visit_start_datetime, visit_end_date, visit_end_datetime,
                                      visit_type_concept_id,
                                      provider_id, care_site_id, visit_source_value,
                                      visit_source_concept_id,
                                      admitting_source_concept_id, admitting_source_value,
                                      discharge_to_concept_id,
                                      discharge_to_source_value)
VALUES (18, 2, 0, '2009-10-01', NULL, '2009-10-01', NULL, 44818517, NULL, 17, '887243387365395',
        NULL, 0, NULL, 0,
        NULL);
INSERT INTO cds_cdm.visit_occurrence (visit_occurrence_id, person_id, visit_concept_id,
                                      visit_start_date,
                                      visit_start_datetime, visit_end_date, visit_end_datetime,
                                      visit_type_concept_id,
                                      provider_id, care_site_id, visit_source_value,
                                      visit_source_concept_id,
                                      admitting_source_concept_id, admitting_source_value,
                                      discharge_to_concept_id,
                                      discharge_to_source_value)
VALUES (17, 2, 0, '2010-05-04', NULL, '2010-05-04', NULL, 44818517, NULL, 16, '887233384922699',
        NULL, 0, NULL, 0,
        NULL);
INSERT INTO cds_cdm.visit_occurrence (visit_occurrence_id, person_id, visit_concept_id,
                                      visit_start_date,
                                      visit_start_datetime, visit_end_date, visit_end_datetime,
                                      visit_type_concept_id,
                                      provider_id, care_site_id, visit_source_value,
                                      visit_source_concept_id,
                                      admitting_source_concept_id, admitting_source_value,
                                      discharge_to_concept_id,
                                      discharge_to_source_value)
VALUES (16, 2, 0, '2010-08-03', NULL, '2010-08-03', NULL, 44818517, NULL, 15, '887223385558356',
        NULL, 0, NULL, 0,
        NULL);
INSERT INTO cds_cdm.visit_occurrence (visit_occurrence_id, person_id, visit_concept_id,
                                      visit_start_date,
                                      visit_start_datetime, visit_end_date, visit_end_datetime,
                                      visit_type_concept_id,
                                      provider_id, care_site_id, visit_source_value,
                                      visit_source_concept_id,
                                      admitting_source_concept_id, admitting_source_value,
                                      discharge_to_concept_id,
                                      discharge_to_source_value)
VALUES (15, 2, 0, '2009-08-24', NULL, '2009-08-24', NULL, 44818517, NULL, 14, '887023387989281',
        NULL, 0, NULL, 0,
        NULL);
INSERT INTO cds_cdm.visit_occurrence (visit_occurrence_id, person_id, visit_concept_id,
                                      visit_start_date,
                                      visit_start_datetime, visit_end_date, visit_end_datetime,
                                      visit_type_concept_id,
                                      provider_id, care_site_id, visit_source_value,
                                      visit_source_concept_id,
                                      admitting_source_concept_id, admitting_source_value,
                                      discharge_to_concept_id,
                                      discharge_to_source_value)
VALUES (14, 2, 0, '2010-05-29', NULL, '2010-05-29', NULL, 44818517, NULL, 13, '887023385728164',
        NULL, 0, NULL, 0,
        NULL);
INSERT INTO cds_cdm.visit_occurrence (visit_occurrence_id, person_id, visit_concept_id,
                                      visit_start_date,
                                      visit_start_datetime, visit_end_date, visit_end_datetime,
                                      visit_type_concept_id,
                                      provider_id, care_site_id, visit_source_value,
                                      visit_source_concept_id,
                                      admitting_source_concept_id, admitting_source_value,
                                      discharge_to_concept_id,
                                      discharge_to_source_value)
VALUES (31, 2, 0, '2009-03-08', NULL, '2009-03-08', NULL, 44818517, NULL, 27, '887523385536820',
        NULL, 0, NULL, 0,
        NULL);
INSERT INTO cds_cdm.visit_occurrence (visit_occurrence_id, person_id, visit_concept_id,
                                      visit_start_date,
                                      visit_start_datetime, visit_end_date, visit_end_datetime,
                                      visit_type_concept_id,
                                      provider_id, care_site_id, visit_source_value,
                                      visit_source_concept_id,
                                      admitting_source_concept_id, admitting_source_value,
                                      discharge_to_concept_id,
                                      discharge_to_source_value)
VALUES (32, 2, 0, '2008-10-04', NULL, '2008-10-04', NULL, 44818517, NULL, 28, '887523386668713',
        NULL, 0, NULL, 0,
        NULL);
INSERT INTO cds_cdm.visit_occurrence (visit_occurrence_id, person_id, visit_concept_id,
                                      visit_start_date,
                                      visit_start_datetime, visit_end_date, visit_end_datetime,
                                      visit_type_concept_id,
                                      provider_id, care_site_id, visit_source_value,
                                      visit_source_concept_id,
                                      admitting_source_concept_id, admitting_source_value,
                                      discharge_to_concept_id,
                                      discharge_to_source_value)
VALUES (33, 2, 0, '2010-02-24', NULL, '2010-02-26', NULL, 44818517, NULL, 29, '887603386008014',
        NULL, 0, NULL, 0,
        NULL);
INSERT INTO cds_cdm.visit_occurrence (visit_occurrence_id, person_id, visit_concept_id,
                                      visit_start_date,
                                      visit_start_datetime, visit_end_date, visit_end_datetime,
                                      visit_type_concept_id,
                                      provider_id, care_site_id, visit_source_value,
                                      visit_source_concept_id,
                                      admitting_source_concept_id, admitting_source_value,
                                      discharge_to_concept_id,
                                      discharge_to_source_value)
VALUES (23, 2, 0, '2009-01-05', NULL, '2009-01-05', NULL, 44818517, NULL, 15, '887383388842050',
        NULL, 0, NULL, 0,
        NULL);
INSERT INTO cds_cdm.visit_occurrence (visit_occurrence_id, person_id, visit_concept_id,
                                      visit_start_date,
                                      visit_start_datetime, visit_end_date, visit_end_datetime,
                                      visit_type_concept_id,
                                      provider_id, care_site_id, visit_source_value,
                                      visit_source_concept_id,
                                      admitting_source_concept_id, admitting_source_value,
                                      discharge_to_concept_id,
                                      discharge_to_source_value)
VALUES (34, 2, 0, '2009-06-21', NULL, '2009-06-21', NULL, 44818517, NULL, 30, '887603386081276',
        NULL, 0, NULL, 0,
        NULL);
INSERT INTO cds_cdm.visit_occurrence (visit_occurrence_id, person_id, visit_concept_id,
                                      visit_start_date,
                                      visit_start_datetime, visit_end_date, visit_end_datetime,
                                      visit_type_concept_id,
                                      provider_id, care_site_id, visit_source_value,
                                      visit_source_concept_id,
                                      admitting_source_concept_id, admitting_source_value,
                                      discharge_to_concept_id,
                                      discharge_to_source_value)
VALUES (27, 2, 0, '2009-05-16', NULL, '2009-05-16', NULL, 44818517, NULL, 24, '887433388731696',
        NULL, 0, NULL, 0,
        NULL);
INSERT INTO cds_cdm.visit_occurrence (visit_occurrence_id, person_id, visit_concept_id,
                                      visit_start_date,
                                      visit_start_datetime, visit_end_date, visit_end_datetime,
                                      visit_type_concept_id,
                                      provider_id, care_site_id, visit_source_value,
                                      visit_source_concept_id,
                                      admitting_source_concept_id, admitting_source_value,
                                      discharge_to_concept_id,
                                      discharge_to_source_value)
VALUES (35, 2, 0, '2010-01-23', NULL, '2010-01-23', NULL, 44818517, NULL, 31, '887603388613084',
        NULL, 0, NULL, 0,
        NULL);
INSERT INTO cds_cdm.visit_occurrence (visit_occurrence_id, person_id, visit_concept_id,
                                      visit_start_date,
                                      visit_start_datetime, visit_end_date, visit_end_datetime,
                                      visit_type_concept_id,
                                      provider_id, care_site_id, visit_source_value,
                                      visit_source_concept_id,
                                      admitting_source_concept_id, admitting_source_value,
                                      discharge_to_concept_id,
                                      discharge_to_source_value)
VALUES (36, 2, 0, '2010-08-30', NULL, '2010-09-08', NULL, 44818517, NULL, 32, '887633386647330',
        NULL, 0, NULL, 0,
        NULL);
INSERT INTO cds_cdm.visit_occurrence (visit_occurrence_id, person_id, visit_concept_id,
                                      visit_start_date,
                                      visit_start_datetime, visit_end_date, visit_end_datetime,
                                      visit_type_concept_id,
                                      provider_id, care_site_id, visit_source_value,
                                      visit_source_concept_id,
                                      admitting_source_concept_id, admitting_source_value,
                                      discharge_to_concept_id,
                                      discharge_to_source_value)
VALUES (37, 2, 0, '2009-03-14', NULL, '2009-03-14', NULL, 44818517, NULL, 27, '887683387620011',
        NULL, 0, NULL, 0,
        NULL);
INSERT INTO cds_cdm.visit_occurrence (visit_occurrence_id, person_id, visit_concept_id,
                                      visit_start_date,
                                      visit_start_datetime, visit_end_date, visit_end_datetime,
                                      visit_type_concept_id,
                                      provider_id, care_site_id, visit_source_value,
                                      visit_source_concept_id,
                                      admitting_source_concept_id, admitting_source_value,
                                      discharge_to_concept_id,
                                      discharge_to_source_value)
VALUES (41, 2, 0, '2009-12-06', NULL, '2009-12-06', NULL, 44818517, NULL, 35, '887753386337995',
        NULL, 0, NULL, 0,
        NULL);
INSERT INTO cds_cdm.visit_occurrence (visit_occurrence_id, person_id, visit_concept_id,
                                      visit_start_date,
                                      visit_start_datetime, visit_end_date, visit_end_datetime,
                                      visit_type_concept_id,
                                      provider_id, care_site_id, visit_source_value,
                                      visit_source_concept_id,
                                      admitting_source_concept_id, admitting_source_value,
                                      discharge_to_concept_id,
                                      discharge_to_source_value)
VALUES (42, 2, 0, '2009-01-13', NULL, '2009-01-13', NULL, 44818517, NULL, 36, '887783384850257',
        NULL, 0, NULL, 0,
        NULL);
INSERT INTO cds_cdm.visit_occurrence (visit_occurrence_id, person_id, visit_concept_id,
                                      visit_start_date,
                                      visit_start_datetime, visit_end_date, visit_end_datetime,
                                      visit_type_concept_id,
                                      provider_id, care_site_id, visit_source_value,
                                      visit_source_concept_id,
                                      admitting_source_concept_id, admitting_source_value,
                                      discharge_to_concept_id,
                                      discharge_to_source_value)
VALUES (43, 2, 0, '2008-10-09', NULL, '2008-10-18', NULL, 44818517, NULL, 37, '887783385091632',
        NULL, 0, NULL, 0,
        NULL);
INSERT INTO cds_cdm.visit_occurrence (visit_occurrence_id, person_id, visit_concept_id,
                                      visit_start_date,
                                      visit_start_datetime, visit_end_date, visit_end_datetime,
                                      visit_type_concept_id,
                                      provider_id, care_site_id, visit_source_value,
                                      visit_source_concept_id,
                                      admitting_source_concept_id, admitting_source_value,
                                      discharge_to_concept_id,
                                      discharge_to_source_value)
VALUES (44, 2, 0, '2009-11-11', NULL, '2009-11-11', NULL, 44818517, NULL, 38, '887783386404610',
        NULL, 0, NULL, 0,
        NULL);
INSERT INTO cds_cdm.visit_occurrence (visit_occurrence_id, person_id, visit_concept_id,
                                      visit_start_date,
                                      visit_start_datetime, visit_end_date, visit_end_datetime,
                                      visit_type_concept_id,
                                      provider_id, care_site_id, visit_source_value,
                                      visit_source_concept_id,
                                      admitting_source_concept_id, admitting_source_value,
                                      discharge_to_concept_id,
                                      discharge_to_source_value)
VALUES (45, 2, 0, '2008-10-08', NULL, '2008-10-08', NULL, 44818517, NULL, 39, '887793388522804',
        NULL, 0, NULL, 0,
        NULL);
INSERT INTO cds_cdm.visit_occurrence (visit_occurrence_id, person_id, visit_concept_id,
                                      visit_start_date,
                                      visit_start_datetime, visit_end_date, visit_end_datetime,
                                      visit_type_concept_id,
                                      provider_id, care_site_id, visit_source_value,
                                      visit_source_concept_id,
                                      admitting_source_concept_id, admitting_source_value,
                                      discharge_to_concept_id,
                                      discharge_to_source_value)
VALUES (46, 2, 0, '2009-12-02', NULL, '2009-12-02', NULL, 44818517, NULL, 40, '887813386861087',
        NULL, 0, NULL, 0,
        NULL);
INSERT INTO cds_cdm.visit_occurrence (visit_occurrence_id, person_id, visit_concept_id,
                                      visit_start_date,
                                      visit_start_datetime, visit_end_date, visit_end_datetime,
                                      visit_type_concept_id,
                                      provider_id, care_site_id, visit_source_value,
                                      visit_source_concept_id,
                                      admitting_source_concept_id, admitting_source_value,
                                      discharge_to_concept_id,
                                      discharge_to_source_value)
VALUES (20, 2, 0, '2009-10-29', NULL, '2009-10-29', NULL, 44818517, NULL, 19, '887253385863058',
        NULL, 0, NULL, 0,
        NULL);
INSERT INTO cds_cdm.visit_occurrence (visit_occurrence_id, person_id, visit_concept_id,
                                      visit_start_date,
                                      visit_start_datetime, visit_end_date, visit_end_datetime,
                                      visit_type_concept_id,
                                      provider_id, care_site_id, visit_source_value,
                                      visit_source_concept_id,
                                      admitting_source_concept_id, admitting_source_value,
                                      discharge_to_concept_id,
                                      discharge_to_source_value)
VALUES (47, 2, 0, '2009-06-05', NULL, '2009-06-05', NULL, 44818517, NULL, 41, '887853388412950',
        NULL, 0, NULL, 0,
        NULL);
INSERT INTO cds_cdm.visit_occurrence (visit_occurrence_id, person_id, visit_concept_id,
                                      visit_start_date,
                                      visit_start_datetime, visit_end_date, visit_end_datetime,
                                      visit_type_concept_id,
                                      provider_id, care_site_id, visit_source_value,
                                      visit_source_concept_id,
                                      admitting_source_concept_id, admitting_source_value,
                                      discharge_to_concept_id,
                                      discharge_to_source_value)
VALUES (48, 2, 0, '2010-02-23', NULL, '2010-02-23', NULL, 44818517, NULL, 42, '887863389123205',
        NULL, 0, NULL, 0,
        NULL);
INSERT INTO cds_cdm.visit_occurrence (visit_occurrence_id, person_id, visit_concept_id,
                                      visit_start_date,
                                      visit_start_datetime, visit_end_date, visit_end_datetime,
                                      visit_type_concept_id,
                                      provider_id, care_site_id, visit_source_value,
                                      visit_source_concept_id,
                                      admitting_source_concept_id, admitting_source_value,
                                      discharge_to_concept_id,
                                      discharge_to_source_value)
VALUES (49, 2, 0, '2009-10-05', NULL, '2009-10-05', NULL, 44818517, NULL, 43, '887873386493630',
        NULL, 0, NULL, 0,
        NULL);
INSERT INTO cds_cdm.visit_occurrence (visit_occurrence_id, person_id, visit_concept_id,
                                      visit_start_date,
                                      visit_start_datetime, visit_end_date, visit_end_datetime,
                                      visit_type_concept_id,
                                      provider_id, care_site_id, visit_source_value,
                                      visit_source_concept_id,
                                      admitting_source_concept_id, admitting_source_value,
                                      discharge_to_concept_id,
                                      discharge_to_source_value)
VALUES (50, 2, 0, '2009-05-11', NULL, '2009-05-11', NULL, 44818517, NULL, 44, '887903389160104',
        NULL, 0, NULL, 0,
        NULL);
INSERT INTO cds_cdm.visit_occurrence (visit_occurrence_id, person_id, visit_concept_id,
                                      visit_start_date,
                                      visit_start_datetime, visit_end_date, visit_end_datetime,
                                      visit_type_concept_id,
                                      provider_id, care_site_id, visit_source_value,
                                      visit_source_concept_id,
                                      admitting_source_concept_id, admitting_source_value,
                                      discharge_to_concept_id,
                                      discharge_to_source_value)
VALUES (12, 2, 9202, '2009-06-02', NULL, '2009-06-02', NULL, 44818517, NULL, 11, '542272281166593',
        NULL, 0, NULL, 0,
        NULL);
INSERT INTO cds_cdm.visit_occurrence (visit_occurrence_id, person_id, visit_concept_id,
                                      visit_start_date,
                                      visit_start_datetime, visit_end_date, visit_end_datetime,
                                      visit_type_concept_id,
                                      provider_id, care_site_id, visit_source_value,
                                      visit_source_concept_id,
                                      admitting_source_concept_id, admitting_source_value,
                                      discharge_to_concept_id,
                                      discharge_to_source_value)
VALUES (25, 2, 0, '2008-12-09', NULL, '2008-12-09', NULL, 44818517, NULL, 22, '887423388326030',
        NULL, 0, NULL, 0,
        NULL);
INSERT INTO cds_cdm.visit_occurrence (visit_occurrence_id, person_id, visit_concept_id,
                                      visit_start_date,
                                      visit_start_datetime, visit_end_date, visit_end_datetime,
                                      visit_type_concept_id,
                                      provider_id, care_site_id, visit_source_value,
                                      visit_source_concept_id,
                                      admitting_source_concept_id, admitting_source_value,
                                      discharge_to_concept_id,
                                      discharge_to_source_value)
VALUES (51, 2, 0, '2008-10-20', NULL, '2008-10-20', NULL, 44818517, NULL, 17, '887953385848149',
        NULL, 0, NULL, 0,
        NULL);
INSERT INTO cds_cdm.visit_occurrence (visit_occurrence_id, person_id, visit_concept_id,
                                      visit_start_date,
                                      visit_start_datetime, visit_end_date, visit_end_datetime,
                                      visit_type_concept_id,
                                      provider_id, care_site_id, visit_source_value,
                                      visit_source_concept_id,
                                      admitting_source_concept_id, admitting_source_value,
                                      discharge_to_concept_id,
                                      discharge_to_source_value)
VALUES (53, 3, 0, '2009-11-17', NULL, '2009-11-17', NULL, 44818517, NULL, 46, '887963387118445',
        NULL, 0, NULL, 0,
        NULL);
INSERT INTO cds_cdm.visit_occurrence (visit_occurrence_id, person_id, visit_concept_id,
                                      visit_start_date,
                                      visit_start_datetime, visit_end_date, visit_end_datetime,
                                      visit_type_concept_id,
                                      provider_id, care_site_id, visit_source_value,
                                      visit_source_concept_id,
                                      admitting_source_concept_id, admitting_source_value,
                                      discharge_to_concept_id,
                                      discharge_to_source_value)
VALUES (52, 3, 9202, '2009-10-11', NULL, '2009-10-11', NULL, 44818517, NULL, 45, '542642281250669',
        NULL, 0, NULL, 0,
        NULL);
INSERT INTO cds_cdm.visit_occurrence (visit_occurrence_id, person_id, visit_concept_id,
                                      visit_start_date,
                                      visit_start_datetime, visit_end_date, visit_end_datetime,
                                      visit_type_concept_id,
                                      provider_id, care_site_id, visit_source_value,
                                      visit_source_concept_id,
                                      admitting_source_concept_id, admitting_source_value,
                                      discharge_to_concept_id,
                                      discharge_to_source_value)
VALUES (54, 4, 0, '2009-11-25', NULL, '2009-11-25', NULL, 44818517, NULL, 47, '887143387616314',
        NULL, 0, NULL, 0,
        NULL);
INSERT INTO cds_cdm.visit_occurrence (visit_occurrence_id, person_id, visit_concept_id,
                                      visit_start_date,
                                      visit_start_datetime, visit_end_date, visit_end_datetime,
                                      visit_type_concept_id,
                                      provider_id, care_site_id, visit_source_value,
                                      visit_source_concept_id,
                                      admitting_source_concept_id, admitting_source_value,
                                      discharge_to_concept_id,
                                      discharge_to_source_value)
VALUES (55, 4, 0, '2009-09-20', NULL, '2009-09-20', NULL, 44818517, NULL, 48, '887363384755754',
        NULL, 0, NULL, 0,
        NULL);
INSERT INTO cds_cdm.visit_occurrence (visit_occurrence_id, person_id, visit_concept_id,
                                      visit_start_date,
                                      visit_start_datetime, visit_end_date, visit_end_datetime,
                                      visit_type_concept_id,
                                      provider_id, care_site_id, visit_source_value,
                                      visit_source_concept_id,
                                      admitting_source_concept_id, admitting_source_value,
                                      discharge_to_concept_id,
                                      discharge_to_source_value)
VALUES (56, 4, 0, '2009-06-24', NULL, '2009-06-24', NULL, 44818517, NULL, 49, '887443387031402',
        NULL, 0, NULL, 0,
        NULL);
INSERT INTO cds_cdm.visit_occurrence (visit_occurrence_id, person_id, visit_concept_id,
                                      visit_start_date,
                                      visit_start_datetime, visit_end_date, visit_end_datetime,
                                      visit_type_concept_id,
                                      provider_id, care_site_id, visit_source_value,
                                      visit_source_concept_id,
                                      admitting_source_concept_id, admitting_source_value,
                                      discharge_to_concept_id,
                                      discharge_to_source_value)
VALUES (79, 5, 0, '2008-09-16', NULL, '2008-09-16', NULL, 44818517, NULL, 51, '887753388589395',
        NULL, 0, NULL, 0,
        NULL);
INSERT INTO cds_cdm.visit_occurrence (visit_occurrence_id, person_id, visit_concept_id,
                                      visit_start_date,
                                      visit_start_datetime, visit_end_date, visit_end_datetime,
                                      visit_type_concept_id,
                                      provider_id, care_site_id, visit_source_value,
                                      visit_source_concept_id,
                                      admitting_source_concept_id, admitting_source_value,
                                      discharge_to_concept_id,
                                      discharge_to_source_value)
VALUES (75, 5, 0, '2010-02-09', NULL, '2010-02-09', NULL, 44818517, NULL, 42, '887603387585803',
        NULL, 0, NULL, 0,
        NULL);
INSERT INTO cds_cdm.visit_occurrence (visit_occurrence_id, person_id, visit_concept_id,
                                      visit_start_date,
                                      visit_start_datetime, visit_end_date, visit_end_datetime,
                                      visit_type_concept_id,
                                      provider_id, care_site_id, visit_source_value,
                                      visit_source_concept_id,
                                      admitting_source_concept_id, admitting_source_value,
                                      discharge_to_concept_id,
                                      discharge_to_source_value)
VALUES (74, 5, 0, '2009-07-02', NULL, '2009-07-02', NULL, 44818517, NULL, 51, '887573385602356',
        NULL, 0, NULL, 0,
        NULL);
INSERT INTO cds_cdm.visit_occurrence (visit_occurrence_id, person_id, visit_concept_id,
                                      visit_start_date,
                                      visit_start_datetime, visit_end_date, visit_end_datetime,
                                      visit_type_concept_id,
                                      provider_id, care_site_id, visit_source_value,
                                      visit_source_concept_id,
                                      admitting_source_concept_id, admitting_source_value,
                                      discharge_to_concept_id,
                                      discharge_to_source_value)
VALUES (73, 5, 0, '2009-11-18', NULL, '2009-11-18', NULL, 44818517, NULL, 43, '887523387400539',
        NULL, 0, NULL, 0,
        NULL);
INSERT INTO cds_cdm.visit_occurrence (visit_occurrence_id, person_id, visit_concept_id,
                                      visit_start_date,
                                      visit_start_datetime, visit_end_date, visit_end_datetime,
                                      visit_type_concept_id,
                                      provider_id, care_site_id, visit_source_value,
                                      visit_source_concept_id,
                                      admitting_source_concept_id, admitting_source_value,
                                      discharge_to_concept_id,
                                      discharge_to_source_value)
VALUES (72, 5, 0, '2009-12-21', NULL, '2009-12-21', NULL, 44818517, NULL, 51, '887523384847829',
        NULL, 0, NULL, 0,
        NULL);
INSERT INTO cds_cdm.visit_occurrence (visit_occurrence_id, person_id, visit_concept_id,
                                      visit_start_date,
                                      visit_start_datetime, visit_end_date, visit_end_datetime,
                                      visit_type_concept_id,
                                      provider_id, care_site_id, visit_source_value,
                                      visit_source_concept_id,
                                      admitting_source_concept_id, admitting_source_value,
                                      discharge_to_concept_id,
                                      discharge_to_source_value)
VALUES (71, 5, 0, '2009-07-20', NULL, '2009-07-20', NULL, 44818517, NULL, 51, '887523384723768',
        NULL, 0, NULL, 0,
        NULL);
INSERT INTO cds_cdm.visit_occurrence (visit_occurrence_id, person_id, visit_concept_id,
                                      visit_start_date,
                                      visit_start_datetime, visit_end_date, visit_end_datetime,
                                      visit_type_concept_id,
                                      provider_id, care_site_id, visit_source_value,
                                      visit_source_concept_id,
                                      admitting_source_concept_id, admitting_source_value,
                                      discharge_to_concept_id,
                                      discharge_to_source_value)
VALUES (70, 5, 0, '2009-05-20', NULL, '2009-05-20', NULL, 44818517, NULL, 42, '887473389392345',
        NULL, 0, NULL, 0,
        NULL);
INSERT INTO cds_cdm.visit_occurrence (visit_occurrence_id, person_id, visit_concept_id,
                                      visit_start_date,
                                      visit_start_datetime, visit_end_date, visit_end_datetime,
                                      visit_type_concept_id,
                                      provider_id, care_site_id, visit_source_value,
                                      visit_source_concept_id,
                                      admitting_source_concept_id, admitting_source_value,
                                      discharge_to_concept_id,
                                      discharge_to_source_value)
VALUES (69, 5, 0, '2009-09-24', NULL, '2009-09-24', NULL, 44818517, NULL, 51, '887473386268431',
        NULL, 0, NULL, 0,
        NULL);
INSERT INTO cds_cdm.visit_occurrence (visit_occurrence_id, person_id, visit_concept_id,
                                      visit_start_date,
                                      visit_start_datetime, visit_end_date, visit_end_datetime,
                                      visit_type_concept_id,
                                      provider_id, care_site_id, visit_source_value,
                                      visit_source_concept_id,
                                      admitting_source_concept_id, admitting_source_value,
                                      discharge_to_concept_id,
                                      discharge_to_source_value)
VALUES (68, 5, 0, '2008-07-27', NULL, '2008-07-27', NULL, 44818517, NULL, 51, '887383384810677',
        NULL, 0, NULL, 0,
        NULL);
INSERT INTO cds_cdm.visit_occurrence (visit_occurrence_id, person_id, visit_concept_id,
                                      visit_start_date,
                                      visit_start_datetime, visit_end_date, visit_end_datetime,
                                      visit_type_concept_id,
                                      provider_id, care_site_id, visit_source_value,
                                      visit_source_concept_id,
                                      admitting_source_concept_id, admitting_source_value,
                                      discharge_to_concept_id,
                                      discharge_to_source_value)
VALUES (67, 5, 0, '2009-04-25', NULL, '2009-04-25', NULL, 44818517, NULL, 42, '887233387820468',
        NULL, 0, NULL, 0,
        NULL);
INSERT INTO cds_cdm.visit_occurrence (visit_occurrence_id, person_id, visit_concept_id,
                                      visit_start_date,
                                      visit_start_datetime, visit_end_date, visit_end_datetime,
                                      visit_type_concept_id,
                                      provider_id, care_site_id, visit_source_value,
                                      visit_source_concept_id,
                                      admitting_source_concept_id, admitting_source_value,
                                      discharge_to_concept_id,
                                      discharge_to_source_value)
VALUES (66, 5, 0, '2010-02-18', NULL, '2010-02-18', NULL, 44818517, NULL, 42, '887203386679943',
        NULL, 0, NULL, 0,
        NULL);
INSERT INTO cds_cdm.visit_occurrence (visit_occurrence_id, person_id, visit_concept_id,
                                      visit_start_date,
                                      visit_start_datetime, visit_end_date, visit_end_datetime,
                                      visit_type_concept_id,
                                      provider_id, care_site_id, visit_source_value,
                                      visit_source_concept_id,
                                      admitting_source_concept_id, admitting_source_value,
                                      discharge_to_concept_id,
                                      discharge_to_source_value)
VALUES (65, 5, 0, '2009-08-05', NULL, '2009-08-05', NULL, 44818517, NULL, 42, '887183386066187',
        NULL, 0, NULL, 0,
        NULL);
INSERT INTO cds_cdm.visit_occurrence (visit_occurrence_id, person_id, visit_concept_id,
                                      visit_start_date,
                                      visit_start_datetime, visit_end_date, visit_end_datetime,
                                      visit_type_concept_id,
                                      provider_id, care_site_id, visit_source_value,
                                      visit_source_concept_id,
                                      admitting_source_concept_id, admitting_source_value,
                                      discharge_to_concept_id,
                                      discharge_to_source_value)
VALUES (64, 5, 0, '2008-08-29', NULL, '2008-08-29', NULL, 44818517, NULL, 42, '887173385784056',
        NULL, 0, NULL, 0,
        NULL);
INSERT INTO cds_cdm.visit_occurrence (visit_occurrence_id, person_id, visit_concept_id,
                                      visit_start_date,
                                      visit_start_datetime, visit_end_date, visit_end_datetime,
                                      visit_type_concept_id,
                                      provider_id, care_site_id, visit_source_value,
                                      visit_source_concept_id,
                                      admitting_source_concept_id, admitting_source_value,
                                      discharge_to_concept_id,
                                      discharge_to_source_value)
VALUES (63, 5, 0, '2008-12-14', NULL, '2008-12-14', NULL, 44818517, NULL, 42, '887143386784523',
        NULL, 0, NULL, 0,
        NULL);
INSERT INTO cds_cdm.visit_occurrence (visit_occurrence_id, person_id, visit_concept_id,
                                      visit_start_date,
                                      visit_start_datetime, visit_end_date, visit_end_datetime,
                                      visit_type_concept_id,
                                      provider_id, care_site_id, visit_source_value,
                                      visit_source_concept_id,
                                      admitting_source_concept_id, admitting_source_value,
                                      discharge_to_concept_id,
                                      discharge_to_source_value)
VALUES (62, 5, 0, '2009-10-21', NULL, '2009-10-21', NULL, 44818517, NULL, 42, '887113385530987',
        NULL, 0, NULL, 0,
        NULL);
INSERT INTO cds_cdm.visit_occurrence (visit_occurrence_id, person_id, visit_concept_id,
                                      visit_start_date,
                                      visit_start_datetime, visit_end_date, visit_end_datetime,
                                      visit_type_concept_id,
                                      provider_id, care_site_id, visit_source_value,
                                      visit_source_concept_id,
                                      admitting_source_concept_id, admitting_source_value,
                                      discharge_to_concept_id,
                                      discharge_to_source_value)
VALUES (61, 5, 0, '2010-01-31', NULL, '2010-01-31', NULL, 44818517, NULL, 42, '887023388626288',
        NULL, 0, NULL, 0,
        NULL);
INSERT INTO cds_cdm.visit_occurrence (visit_occurrence_id, person_id, visit_concept_id,
                                      visit_start_date,
                                      visit_start_datetime, visit_end_date, visit_end_datetime,
                                      visit_type_concept_id,
                                      provider_id, care_site_id, visit_source_value,
                                      visit_source_concept_id,
                                      admitting_source_concept_id, admitting_source_value,
                                      discharge_to_concept_id,
                                      discharge_to_source_value)
VALUES (60, 5, 9202, '2009-02-12', NULL, '2009-02-12', NULL, 44818517, NULL, 42, '542442280980633',
        NULL, 0, NULL, 0,
        NULL);
INSERT INTO cds_cdm.visit_occurrence (visit_occurrence_id, person_id, visit_concept_id,
                                      visit_start_date,
                                      visit_start_datetime, visit_end_date, visit_end_datetime,
                                      visit_type_concept_id,
                                      provider_id, care_site_id, visit_source_value,
                                      visit_source_concept_id,
                                      admitting_source_concept_id, admitting_source_value,
                                      discharge_to_concept_id,
                                      discharge_to_source_value)
VALUES (59, 5, 9202, '2009-06-27', NULL, '2009-06-27', NULL, 44818517, NULL, 42, '542422281208985',
        NULL, 0, NULL, 0,
        NULL);
INSERT INTO cds_cdm.visit_occurrence (visit_occurrence_id, person_id, visit_concept_id,
                                      visit_start_date,
                                      visit_start_datetime, visit_end_date, visit_end_datetime,
                                      visit_type_concept_id,
                                      provider_id, care_site_id, visit_source_value,
                                      visit_source_concept_id,
                                      admitting_source_concept_id, admitting_source_value,
                                      discharge_to_concept_id,
                                      discharge_to_source_value)
VALUES (58, 5, 9202, '2010-05-26', NULL, '2010-05-26', NULL, 44818517, NULL, 42, '542372281246633',
        NULL, 0, NULL, 0,
        NULL);
INSERT INTO cds_cdm.visit_occurrence (visit_occurrence_id, person_id, visit_concept_id,
                                      visit_start_date,
                                      visit_start_datetime, visit_end_date, visit_end_datetime,
                                      visit_type_concept_id,
                                      provider_id, care_site_id, visit_source_value,
                                      visit_source_concept_id,
                                      admitting_source_concept_id, admitting_source_value,
                                      discharge_to_concept_id,
                                      discharge_to_source_value)
VALUES (57, 5, 9202, '2008-07-12', NULL, '2008-07-12', NULL, 44818517, NULL, 50, '542242281386963',
        NULL, 0, NULL, 0,
        NULL);
INSERT INTO cds_cdm.visit_occurrence (visit_occurrence_id, person_id, visit_concept_id,
                                      visit_start_date,
                                      visit_start_datetime, visit_end_date, visit_end_datetime,
                                      visit_type_concept_id,
                                      provider_id, care_site_id, visit_source_value,
                                      visit_source_concept_id,
                                      admitting_source_concept_id, admitting_source_value,
                                      discharge_to_concept_id,
                                      discharge_to_source_value)
VALUES (86, 5, 0, '2010-02-13', NULL, '2010-02-13', NULL, 44818517, NULL, 42, '887993388478305',
        NULL, 0, NULL, 0,
        NULL);
INSERT INTO cds_cdm.visit_occurrence (visit_occurrence_id, person_id, visit_concept_id,
                                      visit_start_date,
                                      visit_start_datetime, visit_end_date, visit_end_datetime,
                                      visit_type_concept_id,
                                      provider_id, care_site_id, visit_source_value,
                                      visit_source_concept_id,
                                      admitting_source_concept_id, admitting_source_value,
                                      discharge_to_concept_id,
                                      discharge_to_source_value)
VALUES (85, 5, 0, '2008-06-01', NULL, '2008-06-01', NULL, 44818517, NULL, 42, '887993386362589',
        NULL, 0, NULL, 0,
        NULL);
INSERT INTO cds_cdm.visit_occurrence (visit_occurrence_id, person_id, visit_concept_id,
                                      visit_start_date,
                                      visit_start_datetime, visit_end_date, visit_end_datetime,
                                      visit_type_concept_id,
                                      provider_id, care_site_id, visit_source_value,
                                      visit_source_concept_id,
                                      admitting_source_concept_id, admitting_source_value,
                                      discharge_to_concept_id,
                                      discharge_to_source_value)
VALUES (84, 5, 0, '2010-03-16', NULL, '2010-03-16', NULL, 44818517, NULL, 42, '887943386651455',
        NULL, 0, NULL, 0,
        NULL);
INSERT INTO cds_cdm.visit_occurrence (visit_occurrence_id, person_id, visit_concept_id,
                                      visit_start_date,
                                      visit_start_datetime, visit_end_date, visit_end_datetime,
                                      visit_type_concept_id,
                                      provider_id, care_site_id, visit_source_value,
                                      visit_source_concept_id,
                                      admitting_source_concept_id, admitting_source_value,
                                      discharge_to_concept_id,
                                      discharge_to_source_value)
VALUES (83, 5, 0, '2010-04-17', NULL, '2010-04-17', NULL, 44818517, NULL, 42, '887923387462434',
        NULL, 0, NULL, 0,
        NULL);
INSERT INTO cds_cdm.visit_occurrence (visit_occurrence_id, person_id, visit_concept_id,
                                      visit_start_date,
                                      visit_start_datetime, visit_end_date, visit_end_datetime,
                                      visit_type_concept_id,
                                      provider_id, care_site_id, visit_source_value,
                                      visit_source_concept_id,
                                      admitting_source_concept_id, admitting_source_value,
                                      discharge_to_concept_id,
                                      discharge_to_source_value)
VALUES (82, 5, 0, '2009-06-28', NULL, '2009-06-28', NULL, 44818517, NULL, 42, '887903389073446',
        NULL, 0, NULL, 0,
        NULL);
INSERT INTO cds_cdm.visit_occurrence (visit_occurrence_id, person_id, visit_concept_id,
                                      visit_start_date,
                                      visit_start_datetime, visit_end_date, visit_end_datetime,
                                      visit_type_concept_id,
                                      provider_id, care_site_id, visit_source_value,
                                      visit_source_concept_id,
                                      admitting_source_concept_id, admitting_source_value,
                                      discharge_to_concept_id,
                                      discharge_to_source_value)
VALUES (81, 5, 0, '2008-06-27', NULL, '2008-06-27', NULL, 44818517, NULL, 42, '887773387266387',
        NULL, 0, NULL, 0,
        NULL);
INSERT INTO cds_cdm.visit_occurrence (visit_occurrence_id, person_id, visit_concept_id,
                                      visit_start_date,
                                      visit_start_datetime, visit_end_date, visit_end_datetime,
                                      visit_type_concept_id,
                                      provider_id, care_site_id, visit_source_value,
                                      visit_source_concept_id,
                                      admitting_source_concept_id, admitting_source_value,
                                      discharge_to_concept_id,
                                      discharge_to_source_value)
VALUES (80, 5, 0, '2009-06-30', NULL, '2009-06-30', NULL, 44818517, NULL, 42, '887763386321169',
        NULL, 0, NULL, 0,
        NULL);
INSERT INTO cds_cdm.visit_occurrence (visit_occurrence_id, person_id, visit_concept_id,
                                      visit_start_date,
                                      visit_start_datetime, visit_end_date, visit_end_datetime,
                                      visit_type_concept_id,
                                      provider_id, care_site_id, visit_source_value,
                                      visit_source_concept_id,
                                      admitting_source_concept_id, admitting_source_value,
                                      discharge_to_concept_id,
                                      discharge_to_source_value)
VALUES (78, 5, 0, '2008-06-12', NULL, '2008-06-12', NULL, 44818517, NULL, 42, '887743389442863',
        NULL, 0, NULL, 0,
        NULL);
INSERT INTO cds_cdm.visit_occurrence (visit_occurrence_id, person_id, visit_concept_id,
                                      visit_start_date,
                                      visit_start_datetime, visit_end_date, visit_end_datetime,
                                      visit_type_concept_id,
                                      provider_id, care_site_id, visit_source_value,
                                      visit_source_concept_id,
                                      admitting_source_concept_id, admitting_source_value,
                                      discharge_to_concept_id,
                                      discharge_to_source_value)
VALUES (77, 5, 0, '2009-07-04', NULL, '2009-07-04', NULL, 44818517, NULL, 42, '887713386730964',
        NULL, 0, NULL, 0,
        NULL);
INSERT INTO cds_cdm.visit_occurrence (visit_occurrence_id, person_id, visit_concept_id,
                                      visit_start_date,
                                      visit_start_datetime, visit_end_date, visit_end_datetime,
                                      visit_type_concept_id,
                                      provider_id, care_site_id, visit_source_value,
                                      visit_source_concept_id,
                                      admitting_source_concept_id, admitting_source_value,
                                      discharge_to_concept_id,
                                      discharge_to_source_value)
VALUES (76, 5, 0, '2008-06-24', NULL, '2008-06-24', NULL, 44818517, NULL, 42, '887623386353527',
        NULL, 0, NULL, 0,
        NULL);

INSERT INTO cds_cdm.visit_detail (visit_detail_id, person_id, visit_detail_concept_id,
                                  visit_detail_start_date,
                                  visit_detail_start_datetime, visit_detail_end_date,
                                  visit_detail_end_datetime,
                                  visit_detail_type_concept_id, provider_id, care_site_id,
                                  admitting_source_concept_id,
                                  discharge_to_concept_id, preceding_visit_detail_id,
                                  visit_detail_source_value,
                                  visit_detail_source_concept_id, admitting_source_value,
                                  discharge_to_source_value,
                                  visit_detail_parent_id, visit_occurrence_id)
VALUES (1, 1, 9201, '2010-03-12', '2010-03-12 00:00:00.000000', '2010-03-12',
        '2010-03-12 00:00:00.000000', 32817, NULL,
        29, NULL, NULL, NULL, NULL, NULL, NULL, NULL, NULL, 1);
INSERT INTO cds_cdm.visit_detail (visit_detail_id, person_id, visit_detail_concept_id,
                                  visit_detail_start_date,
                                  visit_detail_start_datetime, visit_detail_end_date,
                                  visit_detail_end_datetime,
                                  visit_detail_type_concept_id, provider_id, care_site_id,
                                  admitting_source_concept_id,
                                  discharge_to_concept_id, preceding_visit_detail_id,
                                  visit_detail_source_value,
                                  visit_detail_source_concept_id, admitting_source_value,
                                  discharge_to_source_value,
                                  visit_detail_parent_id, visit_occurrence_id)
VALUES (2, 1, 9201, '2010-03-13', '2010-03-13 00:00:00.000000', '2010-03-13',
        '2010-03-13 00:00:00.000000', 32220, NULL,
        26, NULL, NULL, NULL, NULL, NULL, NULL, NULL, NULL, 1);

INSERT INTO cds_cdm.visit_detail (visit_detail_id, person_id, visit_detail_concept_id,
                                  visit_detail_start_date, visit_detail_start_datetime,
                                  visit_detail_end_date, visit_detail_end_datetime,
                                  visit_detail_type_concept_id, provider_id, care_site_id,
                                  admitting_source_concept_id, discharge_to_concept_id,
                                  preceding_visit_detail_id, visit_detail_source_value,
                                  visit_detail_source_concept_id, admitting_source_value,
                                  discharge_to_source_value, visit_detail_parent_id,
                                  visit_occurrence_id)
VALUES (3, 2, 9201, '2009-04-15', '2009-04-15 00:00:00.000000', '2009-04-15',
        '2009-04-15 00:00:00.000000', 32817, NULL, 35, NULL, NULL, NULL, 'FK', NULL, NULL, NULL,
        NULL, 53);
INSERT INTO cds_cdm.visit_detail (visit_detail_id, person_id, visit_detail_concept_id,
                                  visit_detail_start_date, visit_detail_start_datetime,
                                  visit_detail_end_date, visit_detail_end_datetime,
                                  visit_detail_type_concept_id, provider_id, care_site_id,
                                  admitting_source_concept_id, discharge_to_concept_id,
                                  preceding_visit_detail_id, visit_detail_source_value,
                                  visit_detail_source_concept_id, admitting_source_value,
                                  discharge_to_source_value, visit_detail_parent_id,
                                  visit_occurrence_id)
VALUES (4, 2, 9201, '2010-06-18', '2010-06-18 00:00:00.000000', '2010-06-20',
        '2010-06-20 00:00:00.000000', 32817, NULL, 37, NULL, NULL, NULL, 'HNO', NULL, NULL, NULL,
        NULL, 30);
INSERT INTO cds_cdm.visit_detail (visit_detail_id, person_id, visit_detail_concept_id,
                                  visit_detail_start_date, visit_detail_start_datetime,
                                  visit_detail_end_date, visit_detail_end_datetime,
                                  visit_detail_type_concept_id, provider_id, care_site_id,
                                  admitting_source_concept_id, discharge_to_concept_id,
                                  preceding_visit_detail_id, visit_detail_source_value,
                                  visit_detail_source_concept_id, admitting_source_value,
                                  discharge_to_source_value, visit_detail_parent_id,
                                  visit_occurrence_id)
VALUES (5, 2, 9201, '2010-06-21', '2010-06-21 00:00:00.000000', '2010-06-22',
        '2010-06-22 00:00:00.000000', 32817, NULL, 26, NULL, NULL, NULL, 'CH', NULL, NULL, NULL,
        NULL, 30);
INSERT INTO cds_cdm.visit_detail (visit_detail_id, person_id, visit_detail_concept_id,
                                  visit_detail_start_date, visit_detail_start_datetime,
                                  visit_detail_end_date, visit_detail_end_datetime,
                                  visit_detail_type_concept_id, provider_id, care_site_id,
                                  admitting_source_concept_id, discharge_to_concept_id,
                                  preceding_visit_detail_id, visit_detail_source_value,
                                  visit_detail_source_concept_id, admitting_source_value,
                                  discharge_to_source_value, visit_detail_parent_id,
                                  visit_occurrence_id)
VALUES (6, 2, 9201, '2010-06-23', '2010-06-23 00:00:00.000000', '2010-06-26',
        '2010-06-26 00:00:00.000000', 32817, NULL, 44, NULL, NULL, NULL, 'ST', NULL, NULL, NULL,
        NULL, 30);

INSERT INTO cds_cdm.visit_detail (visit_detail_id, person_id, visit_detail_concept_id,
                                  visit_detail_start_date, visit_detail_start_datetime,
                                  visit_detail_end_date, visit_detail_end_datetime,
                                  visit_detail_type_concept_id, provider_id, care_site_id,
                                  admitting_source_concept_id, discharge_to_concept_id,
                                  preceding_visit_detail_id, visit_detail_source_value,
                                  visit_detail_source_concept_id, admitting_source_value,
                                  discharge_to_source_value, visit_detail_parent_id,
                                  visit_occurrence_id)
VALUES (7, 3, 9201, '2009-11-17', '2009-11-17 00:00:00.000000', '2009-11-17',
        '2009-11-17 00:00:00.000000', 32220, NULL, 35, NULL, NULL, NULL, 'FK', NULL, NULL, NULL,
        NULL, 53);
